create database studentdatabase;  #creating a database
use studentdatabase;  
## CREATING TABLES ##
-- Students Table
CREATE TABLE Students (
    student_id INT PRIMARY KEY AUTO_INCREMENT,
    first_name VARCHAR(50),
    last_name VARCHAR(50),
    date_of_birth DATE,
    gender VARCHAR(10),
    address VARCHAR(255),
    phone_number VARCHAR(15),
    email VARCHAR(100),
    enrollment_date DATE,
    department_id INT,
    FOREIGN KEY (department_id) REFERENCES Departments(department_id)
);

-- Departments Table
CREATE TABLE Departments (
    department_id INT PRIMARY KEY AUTO_INCREMENT,
    department_name VARCHAR(100),
    head_of_department VARCHAR(100)
);

-- Courses Table
CREATE TABLE Courses (
    course_id INT PRIMARY KEY AUTO_INCREMENT,
    course_name VARCHAR(100),
    course_description TEXT,
    department_id INT,
    credits INT,
    FOREIGN KEY (department_id) REFERENCES Departments(department_id)
);

-- Enrollments Table
CREATE TABLE Enrollments (
    enrollment_id INT PRIMARY KEY AUTO_INCREMENT,
    student_id INT,
    course_id INT,
    enrollment_date DATE,
    grade VARCHAR(2),
    FOREIGN KEY (student_id) REFERENCES Students(student_id),
    FOREIGN KEY (course_id) REFERENCES Courses(course_id)
);

-- Instructors Table
CREATE TABLE Instructors (
    instructor_id INT PRIMARY KEY AUTO_INCREMENT,
    first_name VARCHAR(50),
    last_name VARCHAR(50),
    email VARCHAR(100),
    phone_number VARCHAR(15),
    department_id INT,
    FOREIGN KEY (department_id) REFERENCES Departments(department_id)
);



-- Grades Table
CREATE TABLE Grades (
    grade_id INT PRIMARY KEY AUTO_INCREMENT,
    student_id INT,
    course_id INT,
    grade VARCHAR(2),
    date_recorded DATE,
    FOREIGN KEY (student_id) REFERENCES Students(student_id),
    FOREIGN KEY (course_id) REFERENCES Courses(course_id)
);

-- Create the gradePercentage table
CREATE TABLE gradePercentage (
    student_id INT NOT NULL,
    gradepercent DECIMAL(5, 2) NOT NULL,
    PRIMARY KEY (student_id)
);


-- attendancePercentage table
CREATE TABLE attendancePercentage (
    student_id INT PRIMARY KEY,
    attendancePercent DECIMAL(5, 2)
);
-- inserting data into tables--
INSERT INTO Students (first_name, last_name, date_of_birth, gender, address, phone_number, email, enrollment_date, department_id)
VALUES
('Laura', 'Palmer', '2000-02-10', 'Female', '123 Elm St', '555-1244', 'laura.palmer@example.com', '2018-08-20', 1),
('Henry', 'Jones', '2000-03-15', 'Male', '456 Pine St', '555-1245', 'henry.jones@example.com', '2018-08-20', 2),
('Sophie', 'Turner', '2000-04-20', 'Female', '789 Cedar St', '555-1246', 'sophie.turner@example.com', '2018-08-20', 3),
('Liam', 'Hemsworth', '2000-05-25', 'Male', '234 Birch St', '555-1247', 'liam.hemsworth@example.com', '2018-08-20', 1),
('Emily', 'Blunt', '2000-06-30', 'Female', '567 Maple St', '555-1248', 'emily.blunt@example.com', '2018-08-20', 2),
('Chris', 'Pratt', '2000-07-05', 'Male', '890 Fir St', '555-1249', 'chris.pratt@example.com', '2018-08-20', 3),
('Zoe', 'Saldana', '2000-08-10', 'Female', '123 Redwood St', '555-1250', 'zoe.saldana@example.com', '2018-08-20', 1),
('Mark', 'Ruffalo', '2000-09-15', 'Male', '456 Willow St', '555-1251', 'mark.ruffalo@example.com', '2018-08-20', 2),
('Gal', 'Gadot', '2000-10-20', 'Female', '789 Ash St', '555-1252', 'gal.gadot@example.com', '2018-08-20', 3),
('Jason', 'Momoa', '2000-11-25', 'Male', '234 Pine St', '555-1253', 'jason.momoa@example.com', '2018-08-20', 1),
('Scarlett', 'Johansson', '2000-12-30', 'Female', '567 Cedar St', '555-1254', 'scarlett.johansson@example.com', '2018-08-20', 2),
('Chris', 'Evans', '2001-01-10', 'Male', '890 Birch St', '555-1255', 'chris.evans@example.com', '2018-08-20', 3),
('Brie', 'Larson', '2001-02-15', 'Female', '123 Maple St', '555-1256', 'brie.larson@example.com', '2018-08-20', 1),
('Jeremy', 'Renner', '2001-03-20', 'Male', '456 Fir St', '555-1257', 'jeremy.renner@example.com', '2018-08-20', 2),
('Paul', 'Rudd', '2001-04-25', 'Male', '789 Redwood St', '555-1258', 'paul.rudd@example.com', '2018-08-20', 3),
('Tom', 'Hiddleston', '2001-05-30', 'Male', '234 Willow St', '555-1259', 'tom.hiddleston@example.com', '2018-08-20', 1),
('Elizabeth', 'Olsen', '2001-06-10', 'Female', '567 Ash St', '555-1260', 'elizabeth.olsen@example.com', '2018-08-20', 2),
('Sebastian', 'Stan', '2001-07-15', 'Male', '890 Pine St', '555-1261', 'sebastian.stan@example.com', '2018-08-20', 3),
('Anthony', 'Mackie', '2001-08-20', 'Male', '123 Cedar St', '555-1262', 'anthony.mackie@example.com', '2018-08-20', 1),
('Chadwick', 'Boseman', '2001-09-25', 'Male', '456 Birch St', '555-1263', 'chadwick.boseman@example.com', '2018-08-20', 2),
('Karen', 'Gillan', '2001-10-30', 'Female', '789 Maple St', '555-1264', 'karen.gillan@example.com', '2018-08-20', 3),
('Dave', 'Bautista', '2001-11-05', 'Male', '234 Fir St', '555-1265', 'dave.bautista@example.com', '2018-08-20', 1),
('Pom', 'Klementieff', '2001-12-10', 'Female', '567 Redwood St', '555-1266', 'pom.klementieff@example.com', '2018-08-20', 2),
('Vin', 'Diesel', '2002-01-15', 'Male', '890 Willow St', '555-1267', 'vin.diesel@example.com', '2018-08-20', 3),
('Bradley', 'Cooper', '2002-02-20', 'Male', '123 Ash St', '555-1268', 'bradley.cooper@example.com', '2018-08-20', 1),
('Zoe', 'Kravitz', '2002-03-25', 'Female', '456 Pine St', '555-1269', 'zoe.kravitz@example.com', '2018-08-20', 2),
('Jeff', 'Goldblum', '2002-04-30', 'Male', '789 Cedar St', '555-1270', 'jeff.goldblum@example.com', '2018-08-20', 3),
('Laura', 'Dern', '2002-05-05', 'Female', '234 Birch St', '555-1271', 'laura.dern@example.com', '2018-08-20', 1),
('Sam', 'Neill', '2002-06-10', 'Male', '567 Maple St', '555-1272', 'sam.neill@example.com', '2018-08-20', 2),
('Bryce', 'Dallas', '2002-07-15', 'Female', '890 Fir St', '555-1273', 'bryce.dallas@example.com', '2018-08-20', 3),
('Chris', 'Pine', '2002-08-20', 'Male', '123 Redwood St', '555-1274', 'chris.pine@example.com', '2018-08-20', 1),
('Zachary', 'Quinto', '2002-09-25', 'Male', '456 Willow St', '555-1275', 'zachary.quinto@example.com', '2018-08-20', 2),
('Karl', 'Urban', '2002-10-30', 'Male', '789 Ash St', '555-1276', 'karl.urban@example.com', '2018-08-20', 3),
('Simon', 'Pegg', '2002-11-05', 'Male', '234 Pine St', '555-1277', 'simon.pegg@example.com', '2018-08-20', 1),
('John', 'Cho', '2002-12-10', 'Male', '567 Cedar St', '555-1278', 'john.cho@example.com', '2018-08-20', 2),
('Anton', 'Yelchin', '2003-01-15', 'Male', '890 Birch St', '555-1279', 'anton.yelchin@example.com', '2018-08-20', 3),
('Winona', 'Ryder', '2003-02-20', 'Female', '123 Maple St', '555-1280', 'winona.ryder@example.com', '2018-08-20', 1),
('Robert', 'Downey', '2003-03-25', 'Male', '456 Fir St', '555-1281', 'robert.downey@example.com', '2018-08-20', 2),
('Tom', 'Holland', '2003-04-30', 'Male', '789 Redwood St', '555-1282', 'tom.holland@example.com', '2018-08-20', 3),
('Chris', 'Hemsworth', '2003-05-05', 'Male', '234 Willow St', '555-1283', 'chris.hemsworth@example.com', '2018-08-20', 1),
('Mark', 'Ruffalo', '2003-06-10', 'Male', '567 Ash St', '555-1284', 'mark.ruffalo@example.com', '2018-08-20', 2),
('Paul', 'Bettany', '2003-07-15', 'Male', '890 Pine St', '555-1285', 'paul.bettany@example.com', '2018-08-20', 3),
('Sebastian', 'Stan', '2003-08-20', 'Male', '123 Cedar St', '555-1286', 'sebastian.stan@example.com', '2018-08-20', 1),
('Elizabeth', 'Olsen', '2003-09-25', 'Female', '456 Birch St', '555-1287', 'elizabeth.olsen@example.com', '2018-08-20', 2),
('Anthony', 'Mackie', '2003-10-30', 'Male', '789 Maple St', '555-1288', 'anthony.mackie@example.com', '2018-08-20', 3),
('Jeremy', 'Renner', '2003-11-05', 'Male', '234 Fir St', '555-1289', 'jeremy.renner@example.com', '2018-08-20', 1),
('Chadwick', 'Boseman', '2003-12-10', 'Male', '567 Redwood St', '555-1290', 'chadwick.boseman@example.com', '2018-08-20', 2),
('Karen', 'Gillan', '2004-01-15', 'Female', '890 Willow St', '555-1291', 'karen.gillan@example.com', '2018-08-20', 3),
('Zoe', 'Saldana', '2004-02-20', 'Female', '123 Ash St', '555-1292', 'zoe.saldana@example.com', '2018-08-20', 1),
('Dave', 'Bautista', '2004-03-25', 'Male', '456 Pine St', '555-1293', 'dave.bautista@example.com', '2018-08-20', 2),
('Vin', 'Diesel', '2004-04-30', 'Male', '789 Cedar St', '555-1294', 'vin.diesel@example.com', '2018-08-20', 3),
('Bradley', 'Cooper', '2004-05-05', 'Male', '234 Birch St', '555-1295', 'bradley.cooper@example.com', '2018-08-20', 1),
('Pom', 'Klementieff', '2004-06-10', 'Female', '567 Maple St', '555-1296', 'pom.klementieff@example.com', '2018-08-20', 2),
('Chris', 'Pratt', '2004-07-15', 'Male', '890 Fir St', '555-1297', 'chris.pratt@example.com', '2018-08-20', 3),
('Laura', 'Dern', '2004-08-20', 'Female', '123 Redwood St', '555-1298', 'laura.dern@example.com', '2018-08-20', 1),
('Sam', 'Neill', '2004-09-25', 'Male', '456 Willow St', '555-1299', 'sam.neill@example.com', '2018-08-20', 2),
('Bryce', 'Dallas', '2004-10-30', 'Female', '789 Ash St', '555-1300', 'bryce.dallas@example.com', '2018-08-20', 3);


INSERT INTO Departments (department_name, head_of_department) VALUES 
('Computer Science', 'Alice Johnson'),
('Electrical Engineering', 'Bob Smith'),
('Mechanical Engineering', 'Charlie Brown'),
('Civil Engineering', 'David Wilson'),
('Chemical Engineering', 'Eve Davis'),
('Environmental Science', 'Jack Clark');



INSERT INTO Courses (course_name, course_description, department_id, credits)
VALUES
('Introduction to Computer Science', 'An introduction to the fundamental concepts of computer science.', 1, 3),
('Data Structures and Algorithms', 'Advanced study of data structures and algorithm design principles.', 1, 4),
('Database Systems', 'Introduction to database management systems and SQL.', 1, 4),
('Machine Learning', 'Introduction to machine learning algorithms and techniques.', 1, 3),

('Introduction to Electrical Engineering', 'Basic principles and applications of electrical engineering.', 2, 3),
('Circuit Analysis', 'Analysis and design of electrical circuits.', 2, 4),
('Digital Signal Processing', 'Theory and applications of digital signal processing techniques.', 2, 4),
('Power Systems', 'Study of power generation, transmission, and distribution systems.', 2, 3),

('Introduction to Mechanical Engineering', 'Introduction to basic principles and concepts of mechanical engineering.', 3, 3),
('Fluid Mechanics', 'Study of fluid behavior and its application in engineering systems.', 3, 4),
('Mechanical Design', 'Design and analysis of mechanical components and systems.', 3, 4),
('Thermodynamics', 'Fundamental principles of thermodynamics and their engineering applications.', 3, 3),

('Introduction to Civil Engineering', 'Basic principles and concepts of civil engineering.', 4, 3),
('Structural Analysis', 'Analysis and design of structures under various loading conditions.', 4, 4),
('Transportation Engineering', 'Study of transportation systems and their design.', 4, 4),
('Environmental Engineering', 'Engineering solutions for environmental problems and sustainability.', 4, 3),

('Introduction to Chemical Engineering', 'Basic principles and concepts of chemical engineering.', 5, 3),
('Chemical Reaction Engineering', 'Study of chemical reactions and their applications in engineering.', 5, 4),
('Process Control', 'Control theory and applications in chemical processes.', 5, 4),
('Biochemical Engineering', 'Application of biological processes in engineering.', 5, 3),

('Introduction to Environmental Science', 'Basic principles and concepts of environmental science.', 6, 3),
('Ecology', 'Study of ecosystems and their interactions.', 6, 4),
('Climate Change and Sustainability', 'Study of climate change impacts and sustainable development.', 6, 4),
('Environmental Policy and Law', 'Study of environmental policies and regulations.', 6, 3);


INSERT INTO instructors (instructor_id, first_name, last_name, email, phone_number, department_id) VALUES
(1, 'John', 'Doe', 'john.doe@example.com', '555-1234', 1),
(2, 'Jane', 'Smith', 'jane.smith@example.com', '555-5678', 2),
(3, 'Michael', 'Johnson', 'michael.johnson@example.com', '555-8765', 3),
(4, 'Emily', 'Davis', 'emily.davis@example.com', '555-4321', 4),
(5, 'David', 'Brown', 'david.brown@example.com', '555-3456', 5),
(6, 'Emma', 'Wilson', 'emma.wilson@example.com', '555-7890', 6),
(7, 'Chris', 'Taylor', 'chris.taylor@example.com', '555-2345', 1),
(8, 'Sophia', 'Anderson', 'sophia.anderson@example.com', '555-6789', 2),
(9, 'James', 'Thomas', 'james.thomas@example.com', '555-9876', 3),
(10, 'Olivia', 'Moore', 'olivia.moore@example.com', '555-5432', 4),
(11, 'Robert', 'Jackson', 'robert.jackson@example.com', '555-4567', 5),
(12, 'Ava', 'Martin', 'ava.martin@example.com', '555-8901', 6),
(13, 'William', 'Lee', 'william.lee@example.com', '555-1235', 1),
(14, 'Isabella', 'Perez', 'isabella.perez@example.com', '555-5679', 2),
(15, 'Benjamin', 'Harris', 'benjamin.harris@example.com', '555-8764', 3);



INSERT INTO Enrollments (student_id, course_id, enrollment_date, grade) VALUES
(1, 1, '2023-01-15', 'A'), (2, 2, '2023-01-16', 'B'),
(3, 3, '2023-01-17', 'C'), (4, 4, '2023-01-18', 'D'),
(5, 5, '2023-01-19', 'E'), (6, 6, '2023-01-20', 'A'),
(7, 7, '2023-01-21', 'B'), (8, 8, '2023-01-22', 'C'),
(9, 9, '2023-01-23', 'D'), (10, 10, '2023-01-24', 'E'),
(11, 11, '2023-01-25', 'A'), (12, 12, '2023-01-26', 'B'),
(13, 13, '2023-01-27', 'C'), (14, 14, '2023-01-28', 'D'),
(15, 15, '2023-01-29', 'E'), (16, 16, '2023-01-30', 'A'),
(17, 17, '2023-01-31', 'B'), (18, 18, '2023-02-01', 'C'),
(19, 19, '2023-02-02', 'D'), (20, 20, '2023-02-03', 'E'),
(21, 21, '2023-02-04', 'A'), (22, 22, '2023-02-05', 'B'),
(23, 23, '2023-02-06', 'C'), (24, 24, '2023-02-07', 'D'),
(25, 1, '2023-02-08', 'E'), (26, 2, '2023-02-09', 'A'),
(27, 3, '2023-02-10', 'B'), (28, 4, '2023-02-11', 'C'),
(29, 5, '2023-02-12', 'D'), (30, 6, '2023-02-13', 'E'),
(31, 7, '2023-02-14', 'A'), (32, 8, '2023-02-15', 'B'),
(33, 9, '2023-02-16', 'C'), (34, 10, '2023-02-17', 'D'),
(35, 11, '2023-02-18', 'E'), (36, 12, '2023-02-19', 'A'),
(37, 13, '2023-02-20', 'B'), (38, 14, '2023-02-21', 'C'),
(39, 15, '2023-02-22', 'D'), (40, 16, '2023-02-23', 'E'),
(41, 17, '2023-02-24', 'A'), (42, 18, '2023-02-25', 'B'),
(43, 19, '2023-02-26', 'C'), (44, 20, '2023-02-27', 'D'),
(45, 21, '2023-02-28', 'E'), (46, 22, '2023-03-01', 'A'),
(47, 23, '2023-03-02', 'B'), (48, 24, '2023-03-03', 'C'),
(49, 1, '2023-03-04', 'D'), (50, 2, '2023-03-05', 'E'),
(51, 3, '2023-03-06', 'A'), (52, 4, '2023-03-07', 'B'),
(53, 5, '2023-03-08', 'C'), (54, 6, '2023-03-09', 'D'),
(55, 7, '2023-03-10', 'E'), (56, 8, '2023-03-11', 'A'),
(57, 9, '2023-03-12', 'B'), (58, 10, '2023-03-13', 'C'),
(59, 11, '2023-03-14', 'D'), (60, 12, '2023-03-15', 'E'),
(61, 13, '2023-03-16', 'A'), (62, 14, '2023-03-17', 'B'),
(63, 15, '2023-03-18', 'C'), (64, 16, '2023-03-19', 'D'),
(65, 17, '2023-03-20', 'E'), (66, 18, '2023-03-21', 'A'),
(67, 19, '2023-03-22', 'B'), (68, 20, '2023-03-23', 'C'),
(69, 21, '2023-03-24', 'D'), (70, 22, '2023-03-25', 'E'),
(71, 23, '2023-03-26', 'A'), (72, 24, '2023-03-27', 'B'),
(73, 1, '2023-03-28', 'C'), (74, 2, '2023-03-29', 'D'),
(75, 3, '2023-03-30', 'E'), (76, 4, '2023-03-31', 'A'),
(77, 5, '2023-04-01', 'B'), (78, 6, '2023-04-02', 'C'),
(79, 7, '2023-04-03', 'D'), (80, 8, '2023-04-04', 'E'),
(81, 9, '2023-04-05', 'A'), (82, 10, '2023-04-06', 'B'),
(83, 11, '2023-04-07', 'C'), (84, 12, '2023-04-08', 'D'),
(85, 13, '2023-04-09', 'E'), (86, 14, '2023-04-10', 'A'),
(87, 15, '2023-04-11', 'B'), (88, 16, '2023-04-12', 'C'),
(89, 17, '2023-04-13', 'D'), (90, 18, '2023-04-14', 'E'),
(91, 19, '2023-04-15', 'A'), (92, 20, '2023-04-16', 'B'),
(93, 21, '2023-04-17', 'C'), (94, 22, '2023-04-18', 'D'),
(95, 23, '2023-04-19', 'E'), (96, 24, '2023-04-20', 'A'),
(97, 1, '2023-04-21', 'B'), (98, 2, '2023-04-22', 'C'),
(99, 3, '2023-04-23', 'D'), (100, 4, '2023-04-24', 'E'),
(101, 5, '2023-04-25', 'A'), (102, 6, '2023-04-26', 'B');



INSERT INTO grades (grade_id, student_id, course_id, grade, date_recorded) VALUES
(1, 1, 1, 'A', '2024-01-01'),
(2, 2, 2, 'B', '2024-01-02'),
(3, 3, 3, 'C', '2024-01-03'),
(4, 4, 4, 'D', '2024-01-04'),
(5, 5, 5, 'E', '2024-01-05'),
(6, 6, 6, 'A', '2024-01-06'),
(7, 7, 7, 'B', '2024-01-07'),
(8, 8, 8, 'C', '2024-01-08'),
(9, 9, 9, 'D', '2024-01-09'),
(10, 10, 10, 'E', '2024-01-10'),
(11, 11, 11, 'A', '2024-01-11'),
(12, 12, 12, 'B', '2024-01-12'),
(13, 13, 13, 'C', '2024-01-13'),
(14, 14, 14, 'D', '2024-01-14'),
(15, 15, 15, 'E', '2024-01-15'),
(16, 16, 16, 'A', '2024-01-16'),
(17, 17, 17, 'B', '2024-01-17'),
(18, 18, 18, 'C', '2024-01-18'),
(19, 19, 19, 'D', '2024-01-19'),
(20, 20, 20, 'E', '2024-01-20'),
(21, 21, 21, 'A', '2024-01-21'),
(22, 22, 22, 'B', '2024-01-22'),
(23, 23, 23, 'C', '2024-01-23'),
(24, 24, 24, 'D', '2024-01-24'),
(25, 25, 1, 'E', '2024-01-25'),
(26, 26, 2, 'A', '2024-01-26'),
(27, 27, 3, 'B', '2024-01-27'),
(28, 28, 4, 'C', '2024-01-28'),
(29, 29, 5, 'D', '2024-01-29'),
(30, 30, 6, 'E', '2024-01-30'),
(31, 31, 7, 'A', '2024-01-31'),
(32, 32, 8, 'B', '2024-02-01'),
(33, 33, 9, 'C', '2024-02-02'),
(34, 34, 10, 'D', '2024-02-03'),
(35, 35, 11, 'E', '2024-02-04'),
(36, 36, 12, 'A', '2024-02-05'),
(37, 37, 13, 'B', '2024-02-06'),
(38, 38, 14, 'C', '2024-02-07'),
(39, 39, 15, 'D', '2024-02-08'),
(40, 40, 16, 'E', '2024-02-09'),
(41, 41, 17, 'A', '2024-02-10'),
(42, 42, 18, 'B', '2024-02-11'),
(43, 43, 19, 'C', '2024-02-12'),
(44, 44, 20, 'D', '2024-02-13'),
(45, 45, 21, 'E', '2024-02-14'),
(46, 46, 22, 'A', '2024-02-15'),
(47, 47, 23, 'B', '2024-02-16'),
(48, 48, 24, 'C', '2024-02-17'),
(49, 49, 1, 'D', '2024-02-18'),
(50, 50, 2, 'E', '2024-02-19'),
(51, 51, 3, 'A', '2024-02-20'),
(52, 52, 4, 'B', '2024-02-21'),
(53, 53, 5, 'C', '2024-02-22'),
(54, 54, 6, 'D', '2024-02-23'),
(55, 55, 7, 'E', '2024-02-24'),
(56, 56, 8, 'A', '2024-02-25'),
(57, 57, 9, 'B', '2024-02-26'),
(58, 58, 10, 'C', '2024-02-27'),
(59, 59, 11, 'D', '2024-02-28'),
(60, 60, 12, 'E', '2024-02-29'),
(61, 61, 13, 'A', '2024-03-01'),
(62, 62, 14, 'B', '2024-03-02'),
(63, 63, 15, 'C', '2024-03-03'),
(64, 64, 16, 'D', '2024-03-04'),
(65, 65, 17, 'E', '2024-03-05'),
(66, 66, 18, 'A', '2024-03-06'),
(67, 67, 19, 'B', '2024-03-07'),
(68, 68, 20, 'C', '2024-03-08'),
(69, 69, 21, 'D', '2024-03-09'),
(70, 70, 22, 'E', '2024-03-10'),
(71, 71, 23, 'A', '2024-03-11'),
(72, 72, 24, 'B', '2024-03-12'),
(73, 73, 1, 'C', '2024-03-13'),
(74, 74, 2, 'D', '2024-03-14'),
(75, 75, 3, 'E', '2024-03-15'),
(76, 76, 4, 'A', '2024-03-16'),
(77, 77, 5, 'B', '2024-03-17'),
(78, 78, 6, 'C', '2024-03-18'),
(79, 79, 7, 'D', '2024-03-19'),
(80, 80, 8, 'E', '2024-03-20'),
(81, 81, 9, 'A', '2024-03-21'),
(82, 82, 10, 'B', '2024-03-22'),
(83, 83, 11, 'C', '2024-03-23'),
(84, 84, 12, 'D', '2024-03-24'),
(85, 85, 13, 'E', '2024-03-25'),
(86, 86, 14, 'A', '2024-03-26'),
(87, 87, 15, 'B', '2024-03-27'),
(88, 88, 16, 'C', '2024-03-28'),
(89, 89, 17, 'D', '2024-03-29'),
(90, 90, 18, 'E', '2024-03-30'),
(91, 91, 19, 'A', '2024-03-31'),
(92, 92, 20, 'B', '2024-04-01'),
(93, 93, 21, 'C', '2024-04-02'),
(94, 94, 22, 'D', '2024-04-03'),
(95, 95, 23, 'E', '2024-04-04'),
(96, 96, 24, 'A', '2024-04-05'),
(97, 97, 1, 'B', '2024-04-06'),
(98, 98, 2, 'C', '2024-04-07'),
(99, 99, 3, 'D', '2024-04-08'),
(100, 100, 4, 'E', '2024-04-09'),
(101, 101, 5, 'A', '2024-04-10'),
(102, 102, 6, 'B', '2024-04-11');


INSERT INTO attendancePercentage (student_id, attendancePercent)
VALUES 
(1, 87.5), 
(2, 78.4), 
(3, 91.2), 
(4, 85.3), 
(5, 88.9), 
(6, 92.0), 
(7, 76.5), 
(8, 84.1), 
(9, 90.0), 
(10, 79.8), 
(11, 85.7), 
(12, 88.2), 
(13, 91.5), 
(14, 82.3), 
(15, 87.1), 
(16, 89.9), 
(17, 90.8), 
(18, 83.7), 
(19, 86.4), 
(20, 88.6), 
(21, 92.3), 
(22, 78.9), 
(23, 80.4), 
(24, 89.2), 
(25, 84.5), 
(26, 87.3), 
(27, 91.1), 
(28, 85.9), 
(29, 88.4), 
(30, 82.8), 
(31, 89.7), 
(32, 90.2), 
(33, 78.6), 
(34, 85.1), 
(35, 87.8), 
(36, 89.0), 
(37, 84.2), 
(38, 90.5), 
(39, 79.4), 
(40, 86.9), 
(41, 91.3), 
(42, 82.7), 
(43, 88.0), 
(44, 89.4), 
(45, 85.6), 
(46, 91.7), 
(47, 83.9), 
(48, 90.1), 
(49, 87.0), 
(50, 89.8), 
(51, 80.3), 
(52, 88.5), 
(53, 92.1), 
(54, 86.2), 
(55, 84.8), 
(56, 87.9), 
(57, 89.3), 
(58, 81.6), 
(59, 90.6), 
(60, 88.1), 
(61, 85.5), 
(62, 89.6), 
(63, 82.1), 
(64, 87.2), 
(65, 90.4), 
(66, 88.3), 
(67, 84.3), 
(68, 86.1), 
(69, 91.0), 
(70, 79.1), 
(71, 83.6), 
(72, 87.4), 
(73, 88.8), 
(74, 91.6), 
(75, 85.0), 
(76, 89.1), 
(77, 90.9), 
(78, 81.5), 
(79, 87.7), 
(80, 89.5), 
(81, 85.8), 
(82, 90.3), 
(83, 78.2), 
(84, 88.7), 
(85, 91.4), 
(86, 83.4), 
(87, 87.6), 
(88, 89.2), 
(89, 85.4), 
(90, 90.7), 
(91, 88.6), 
(92, 83.8), 
(93, 87.1), 
(94, 89.0), 
(95, 82.9), 
(96, 90.5), 
(97, 86.8), 
(98, 84.4), 
(99, 89.7), 
(100, 78.3), 
(101, 85.2), 
(102, 90.2);



INSERT INTO attendancePercentage (student_id, attendancePercent)
VALUES 
(1, 87.5), 
(2, 78.4), 
(3, 91.2), 
(4, 85.3), 
(5, 88.9), 
(6, 92.0), 
(7, 76.5), 
(8, 84.1), 
(9, 90.0), 
(10, 79.8), 
(11, 85.7), 
(12, 88.2), 
(13, 91.5), 
(14, 82.3), 
(15, 87.1), 
(16, 89.9), 
(17, 90.8), 
(18, 83.7), 
(19, 86.4), 
(20, 88.6), 
(21, 92.3), 
(22, 78.9), 
(23, 80.4), 
(24, 89.2), 
(25, 84.5), 
(26, 87.3), 
(27, 91.1), 
(28, 85.9), 
(29, 88.4), 
(30, 82.8), 
(31, 89.7), 
(32, 90.2), 
(33, 78.6), 
(34, 85.1), 
(35, 87.8), 
(36, 89.0), 
(37, 84.2), 
(38, 90.5), 
(39, 79.4), 
(40, 86.9), 
(41, 91.3), 
(42, 82.7), 
(43, 88.0), 
(44, 89.4), 
(45, 85.6), 
(46, 91.7), 
(47, 83.9), 
(48, 90.1), 
(49, 87.0), 
(50, 89.8), 
(51, 80.3), 
(52, 88.5), 
(53, 92.1), 
(54, 86.2), 
(55, 84.8), 
(56, 87.9), 
(57, 89.3), 
(58, 81.6), 
(59, 90.6), 
(60, 88.1), 
(61, 85.5), 
(62, 89.6), 
(63, 82.1), 
(64, 87.2), 
(65, 90.4), 
(66, 88.3), 
(67, 84.3), 
(68, 86.1), 
(69, 91.0), 
(70, 79.1), 
(71, 83.6), 
(72, 87.4), 
(73, 88.8), 
(74, 91.6), 
(75, 85.0), 
(76, 89.1), 
(77, 90.9), 
(78, 81.5), 
(79, 87.7), 
(80, 89.5), 
(81, 85.8), 
(82, 90.3), 
(83, 78.2), 
(84, 88.7), 
(85, 91.4), 
(86, 83.4), 
(87, 87.6), 
(88, 89.2), 
(89, 85.4), 
(90, 90.7), 
(91, 88.6), 
(92, 83.8), 
(93, 87.1), 
(94, 89.0), 
(95, 82.9), 
(96, 90.5), 
(97, 86.8), 
(98, 84.4), 
(99, 89.7), 
(100, 78.3), 
(101, 85.2), 
(102, 90.2);

